{"cameraMode":{"drawMode":0,"name":"Shaded","section":"Shading Mode"},"sceneLighting":false,"audioPlay":false,"sceneViewState":{"m_AlwaysRefresh":false,"showFog":true,"showSkybox":false,"showFlares":true,"showImageEffects":true,"showParticleSystems":true,"showVisualEffectGraphs":true,"m_FxEnabled":true},"in2DMode":false,"pivot":{"x":0.03614078462123871,"y":0.19951632618904115,"z":-0.0014061108231544495},"rotation":{"x":0.353841632604599,"y":-0.6121081113815308,"z":0.3535354733467102,"w":0.6125466227531433},"size":0.2647121846675873,"orthographic":false}